title,link,description,image_url
Cách làm bánh đúc nóng từ cơm nguội,https://vnexpress.net/doi-song-cooking-4351109.html,"Bánh mềm mượt, sánh dẻo quyện với thịt băm và mộc nhĩ giòn sần sật, đậu xanh bùi bùi... làm nên bữa sáng ngon tiết kiệm thời kỳ giãn cách.
Từng sợi bánh đúc quyện trong nước canh lạc và giá chần tạo nên hương vị mộc mạc chinh phục vị giác cả những người sành ăn. 
Từng sợi bánh đúc mềm mịn quyện trong nước riêu cua mỡ màng, vị chua dịu của dấm bỗng cùng cà chua tôn lên vị ngọt mộc của cua đồng. Đây là thức quà chiều thu của người Hà Nội xưa. 
Món bánh đúc nóng dân dã, ăn ngon miệng, đủ dinh dưỡng, giúp tiết kiệm chi tiêu mùa dịch. 
Bánh đúc nóng mềm dẻo, thơm ngát mùi hành mùi, lạ miệng luôn là lựa chọn lý tưởng để lót dạ trong những ngày mát trời hoặc se lạnh.",
Cách làm bánh đúc nộm - món quà chiều của người Hà Nội xưa,https://vnexpress.net/doi-song-cooking-4656280.html,"Từng sợi bánh đúc quyện trong nước canh lạc và giá chần tạo nên hương vị mộc mạc chinh phục vị giác cả những người sành ăn.
Bánh mềm mượt, sánh dẻo quyện với thịt băm và mộc nhĩ giòn sần sật, đậu xanh bùi bùi... làm nên bữa sáng ngon tiết kiệm thời kỳ giãn cách. 
Từng sợi bánh đúc mềm mịn quyện trong nước riêu cua mỡ màng, vị chua dịu của dấm bỗng cùng cà chua tôn lên vị ngọt mộc của cua đồng. Đây là thức quà chiều thu của người Hà Nội xưa. 
Món bánh đúc nóng dân dã, ăn ngon miệng, đủ dinh dưỡng, giúp tiết kiệm chi tiêu mùa dịch. 
Bánh đúc nóng mềm dẻo, thơm ngát mùi hành mùi, lạ miệng luôn là lựa chọn lý tưởng để lót dạ trong những ngày mát trời hoặc se lạnh.",https://vcdn1-giadinh.vnecdn.net/2023/09/22/Buoc-1-1-8965-1695371228.jpg?w=680&h=0&q=100&dpr=1&fit=crop&s=N49rQrH0FInEKQBnYNfg5Q
Cách làm bánh đúc riêu cua - món ngon xưa Hà Nội,https://vnexpress.net/doi-song-cooking-4648860.html,"Từng sợi bánh đúc mềm mịn quyện trong nước riêu cua mỡ màng, vị chua dịu của dấm bỗng cùng cà chua tôn lên vị ngọt mộc của cua đồng. Đây là thức quà chiều thu của người Hà Nội xưa.
Bánh mềm mượt, sánh dẻo quyện với thịt băm và mộc nhĩ giòn sần sật, đậu xanh bùi bùi... làm nên bữa sáng ngon tiết kiệm thời kỳ giãn cách. 
Từng sợi bánh đúc quyện trong nước canh lạc và giá chần tạo nên hương vị mộc mạc chinh phục vị giác cả những người sành ăn. 
Món bánh đúc nóng dân dã, ăn ngon miệng, đủ dinh dưỡng, giúp tiết kiệm chi tiêu mùa dịch. 
Bánh đúc nóng mềm dẻo, thơm ngát mùi hành mùi, lạ miệng luôn là lựa chọn lý tưởng để lót dạ trong những ngày mát trời hoặc se lạnh.",https://vcdn1-giadinh.vnecdn.net/2023/09/02/Buoc-1-1-7116-1693642076.jpg?w=680&h=0&q=100&dpr=1&fit=crop&s=BTtcapdQ1jir3w_BuTnanQ
"Bánh đúc nóng dân dã, dễ làm",https://vnexpress.net/doi-song-cooking-4342583.html,"Món bánh đúc nóng dân dã, ăn ngon miệng, đủ dinh dưỡng, giúp tiết kiệm chi tiêu mùa dịch.",https://vcdn1-vnexpress.vnecdn.net/2021/08/18/banh-duc-2-1629208521-2136-1629276769.jpg?w=680&h=0&q=100&dpr=1&fit=crop&s=j6ocBkcJDFVOW-02WuV95A
"Cách làm bánh đúc nóng ngon, đơn giảm mà chuẩn vị",https://vnexpress.net/doi-song-cooking-4298553.html,"Bánh đúc nóng mềm dẻo, thơm ngát mùi hành mùi, lạ miệng luôn là lựa chọn lý tưởng để lót dạ trong những ngày mát trời hoặc se lạnh.",
Cách làm bún cá ngon như ngoài hàng,https://vnexpress.net/doi-song-cooking-4425204.html,"Ra Tết món bún cá với nước dùng thanh dịu, từng miếng cá vàng ươm, giòn ngon, giữ vị mộc luôn đắt khách.
Bún cá chấm với miếng cá rán bên ngoài vàng giòn, bên trong mềm ngọt, nước chấm vị chua cay mặn ngọt hài hòa là món ăn hợp tiết trời thu Hà Nội. 
Tô bún cá hấp dẫn cả sắc, hương, vị với phi lê cá chiên giòn bên trong mềm ngọt. Món ăn này dễ chiều vị giác trong tiết thu se lạnh. 
Cá chiên vàng giòn bên ngoài, mềm bên trong, rau ngót xanh mềm, nước dùng ngọt thanh nóng hổi, tròn vị, rất kích thích vị giác. 
Bún cá rô thực ra cũng không mất quá nhiều thời gian như bạn tưởng. Bạn có thể thực hiện các bước sơ chế từ tối hôm trước để chuẩn bị bữa sáng ngon lành, bổ dưỡng này cho gia đình.",https://vcdn1-giadinh.vnecdn.net/2022/02/08/Buoc-1-8578-1644312342.jpg?w=680&h=0&q=100&dpr=1&fit=crop&s=ZpVN32PAeO3jNlOOwsx9yA
Cách làm bún cá chấm Hà Nội,https://vnexpress.net/doi-song-cooking-4666720.html,"Bún cá chấm với miếng cá rán bên ngoài vàng giòn, bên trong mềm ngọt, nước chấm vị chua cay mặn ngọt hài hòa là món ăn hợp tiết trời thu Hà Nội.
Ra Tết món bún cá với nước dùng thanh dịu, từng miếng cá vàng ươm, giòn ngon, giữ vị mộc luôn đắt khách. 
Tô bún cá hấp dẫn cả sắc, hương, vị với phi lê cá chiên giòn bên trong mềm ngọt. Món ăn này dễ chiều vị giác trong tiết thu se lạnh. 
Cá chiên vàng giòn bên ngoài, mềm bên trong, rau ngót xanh mềm, nước dùng ngọt thanh nóng hổi, tròn vị, rất kích thích vị giác. 
Bún cá rô thực ra cũng không mất quá nhiều thời gian như bạn tưởng. Bạn có thể thực hiện các bước sơ chế từ tối hôm trước để chuẩn bị bữa sáng ngon lành, bổ dưỡng này cho gia đình.",https://vcdn1-giadinh.vnecdn.net/2023/10/19/Buoc-1-1-1688-1697703200.jpg?w=680&h=0&q=100&dpr=1&fit=crop&s=RPRf4Hd8oPG_W4sb1FXmiQ
Cách nấu bún cá cay Hải Phòng,https://vnexpress.net/doi-song-cooking-4663677.html,"Tô bún cá hấp dẫn cả sắc, hương, vị với phi lê cá chiên giòn bên trong mềm ngọt. Món ăn này dễ chiều vị giác trong tiết thu se lạnh.
Ra Tết món bún cá với nước dùng thanh dịu, từng miếng cá vàng ươm, giòn ngon, giữ vị mộc luôn đắt khách. 
Bún cá chấm với miếng cá rán bên ngoài vàng giòn, bên trong mềm ngọt, nước chấm vị chua cay mặn ngọt hài hòa là món ăn hợp tiết trời thu Hà Nội. 
Cá chiên vàng giòn bên ngoài, mềm bên trong, rau ngót xanh mềm, nước dùng ngọt thanh nóng hổi, tròn vị, rất kích thích vị giác. 
Bún cá rô thực ra cũng không mất quá nhiều thời gian như bạn tưởng. Bạn có thể thực hiện các bước sơ chế từ tối hôm trước để chuẩn bị bữa sáng ngon lành, bổ dưỡng này cho gia đình.",https://vcdn1-giadinh.vnecdn.net/2023/10/11/Buoc-1-1-9144-1697017529.jpg?w=680&h=0&q=100&dpr=1&fit=crop&s=dXbDbHV2YjrNFuOn7oWHQA
Cách làm bún cá rô rau ngót thơm ngon,https://vnexpress.net/doi-song-cooking-4372999.html,"Cá chiên vàng giòn bên ngoài, mềm bên trong, rau ngót xanh mềm, nước dùng ngọt thanh nóng hổi, tròn vị, rất kích thích vị giác.
Ra Tết món bún cá với nước dùng thanh dịu, từng miếng cá vàng ươm, giòn ngon, giữ vị mộc luôn đắt khách. 
Bún cá chấm với miếng cá rán bên ngoài vàng giòn, bên trong mềm ngọt, nước chấm vị chua cay mặn ngọt hài hòa là món ăn hợp tiết trời thu Hà Nội. 
Tô bún cá hấp dẫn cả sắc, hương, vị với phi lê cá chiên giòn bên trong mềm ngọt. Món ăn này dễ chiều vị giác trong tiết thu se lạnh. 
Bún cá rô thực ra cũng không mất quá nhiều thời gian như bạn tưởng. Bạn có thể thực hiện các bước sơ chế từ tối hôm trước để chuẩn bị bữa sáng ngon lành, bổ dưỡng này cho gia đình.",
Bữa sáng đơn giản với bún cá rô,https://vnexpress.net/doi-song-cooking-4311085.html,"Bún cá rô thực ra cũng không mất quá nhiều thời gian như bạn tưởng. Bạn có thể thực hiện các bước sơ chế từ tối hôm trước để chuẩn bị bữa sáng ngon lành, bổ dưỡng này cho gia đình.
Ra Tết món bún cá với nước dùng thanh dịu, từng miếng cá vàng ươm, giòn ngon, giữ vị mộc luôn đắt khách. 
Bún cá chấm với miếng cá rán bên ngoài vàng giòn, bên trong mềm ngọt, nước chấm vị chua cay mặn ngọt hài hòa là món ăn hợp tiết trời thu Hà Nội. 
Tô bún cá hấp dẫn cả sắc, hương, vị với phi lê cá chiên giòn bên trong mềm ngọt. Món ăn này dễ chiều vị giác trong tiết thu se lạnh. 
Cá chiên vàng giòn bên ngoài, mềm bên trong, rau ngót xanh mềm, nước dùng ngọt thanh nóng hổi, tròn vị, rất kích thích vị giác.",
Cách làm bún ốc nguội Hà Nội chuẩn vị xưa,https://vnexpress.net/doi-song-cooking-4636925.html,"Bún ốc nguội bình dị, dân dã nhưng chứa đựng sự cầu kỳ, tinh tế của ẩm thực Hà thành. Nhà văn Vũ Bằng ca ngợi: ''Đó là thứ quà đạt được tới cái đích nghệ thuật ăn ngon của người Hà Nội''.
Dẫu ra đời muộn so với bún ốc nguội, nhưng bún ốc nóng lại được lòng người sành ăn bởi ốc giòn ngon, nước dùng chua thanh nhẹ. 
Vào những ngày đông lạnh giá này mà cả gia đình được quây quần thưởng thức bát bún ốc nóng hổi, thơm ngon thì còn gì bằng. 
Bún ốc nguội là món ăn dân dã nhưng ""đạt được tới cái đích nghệ thuật ăn ngon của người Hà Nội"" như nhà văn Vũ Bằng từng ca ngợi.",https://vcdn1-giadinh.vnecdn.net/2023/08/02/Buoc-2-2-9610-1690959431.jpg?w=680&h=0&q=100&dpr=1&fit=crop&s=btTnVMU9nDB6hp49bIXfhQ
Cách làm bún ốc nóng - nét ẩm thực dân dã Hà thành,https://vnexpress.net/doi-song-cooking-4496617.html,"Dẫu ra đời muộn so với bún ốc nguội, nhưng bún ốc nóng lại được lòng người sành ăn bởi ốc giòn ngon, nước dùng chua thanh nhẹ.",https://vcdn1-giadinh.vnecdn.net/2022/08/06/Buoc-1-1-3588-1659778477.jpg?w=680&h=0&q=100&dpr=1&fit=crop&s=VFOT7tL8JwyiMuU2T_aj3g
Bún ốc,https://vnexpress.net/doi-song-cooking-4311241.html,"Vào những ngày đông lạnh giá này mà cả gia đình được quây quần thưởng thức bát bún ốc nóng hổi, thơm ngon thì còn gì bằng.",
"Cách nấu Bún ốc nguội Hà Nội đơn giản, dễ làm",https://vnexpress.net/doi-song-cooking-4298440.html,"Bún ốc nguội là món ăn dân dã nhưng ""đạt được tới cái đích nghệ thuật ăn ngon của người Hà Nội"" như nhà văn Vũ Bằng từng ca ngợi.",
Bún riêu cua truyền thống Hà Nội,https://vnexpress.net/doi-song-cooking-4404751.html,"Thịt cua đóng thành tảng, nước riêu thơm mùi đặc trưng, màu váng óng đỏ tự nhiên, vị chua thanh nhẹ. Đây là món ăn được nhiều người lựa chọn sau Tết để đổi vị.
Bún riêu Nam Bộ hấp dẫn với topping đa dạng như chả cua, huyết lợn, móng giò, chả lụa, tàu hủ chiên. 
Khác với bún riêu cua truyền thống Hà Nội, bún riêu cua vị Sài Gòn thường thêm nhiều loại topping như giò heo, huyết heo…",https://vcdn1-giadinh.vnecdn.net/2021/12/17/Buoc-1-3023-1639748607.jpg?w=680&h=0&q=100&dpr=1&fit=crop&s=oRaN1RUgASPSWFGQbSGYWw
Cách làm bún riêu cua Nam Bộ,https://vnexpress.net/doi-song-cooking-4661244.html,"Bún riêu Nam Bộ hấp dẫn với topping đa dạng như chả cua, huyết lợn, móng giò, chả lụa, tàu hủ chiên.
Thịt cua đóng thành tảng, nước riêu thơm mùi đặc trưng, màu váng óng đỏ tự nhiên, vị chua thanh nhẹ. Đây là món ăn được nhiều người lựa chọn sau Tết để đổi vị. 
Khác với bún riêu cua truyền thống Hà Nội, bún riêu cua vị Sài Gòn thường thêm nhiều loại topping như giò heo, huyết heo…",https://vcdn1-giadinh.vnecdn.net/2023/10/05/Buoc-1-1-8255-1696489497.jpg?w=680&h=0&q=100&dpr=1&fit=crop&s=ShCvO9MZeHaQPLbmFDaaQg
Cách làm cá trắm kho chuối xanh kiểu Bắc,https://vnexpress.net/doi-song-cooking-4639712.html,"Cá kho chắc thịt, vị đậm đà. Chuối bùi dẻo, ngậm tròn vị ngọt ngon từ cá. Đây là món ăn quen thuộc trong mâm cơm miền Bắc vào những ngày mưa.
Từ xưa, các món cá kho luôn được ưu tiên trong mâm cơm gia đình Việt từ Bắc vào Nam. 
Thịt cá màu nâu sậm như vân gỗ trắc, măng giòn ngấm vị chua cay và quyện vị đậm đà từ cá, càng ăn càng gây nghiện. 
Thịt cá bớp mềm ngậy, vị đậm đà mặn ngọt cay, nước kho màu hổ phách sền sệt, dậy mùi thơm của hạt tiêu, hành lá. 
Từng con cá bống săn cứng, màu hổ phách, vị đậm đà và cong như chữ C mà người Huế gọi là ''cá ngó đuôi''. Món này ăn cùng cơm trắng hay cháo gạo đỏ là nét đặc trưng của cố đô. 
Thịt cá săn đậm vị, thơm mùi tương bần đặc trưng. Nước kho sánh màu nâu đỏ, chấm cùng rau luộc, trở thành món ăn bình dân nhưng không thể quên với nhiều thế hệ. 
Thịt cá thẩm thấu vị chua nhẹ từ trám, chút ngầy ngậy từ thịt, còn từng miếng trám bùi dẻo, đượm vị ngọt ngon từ cá và tương nếp. 
Cá săn chắc đậm vị, củ cải mềm thấm đượm vị ngọt từ cá, ăn cùng cơm trắng rất hao.",https://vcdn1-giadinh.vnecdn.net/2023/08/09/Buoc-1-1-5065-1691564043.jpg?w=680&h=0&q=100&dpr=1&fit=crop&s=JRS5yfR2rqDQy3CT_be9iw
"Bí quyết kho cá chắc thịt, lên màu đẹp mắt",https://vnexpress.net/doi-song-cooking-4537318.html,"Từ xưa, các món cá kho luôn được ưu tiên trong mâm cơm gia đình Việt từ Bắc vào Nam.",https://vcdn1-giadinh.vnecdn.net/2022/11/17/ca-1-7037-1668677054.jpg?w=680&h=0&q=100&dpr=1&fit=crop&s=LW5BnVj04WWrgs690kG24g
Cách làm cá kho măng thơm ngon như nhà hàng,https://vnexpress.net/doi-song-cooking-4486717.html,"Thịt cá màu nâu sậm như vân gỗ trắc, măng giòn ngấm vị chua cay và quyện vị đậm đà từ cá, càng ăn càng gây nghiện.
Cá kho chắc thịt, vị đậm đà. Chuối bùi dẻo, ngậm tròn vị ngọt ngon từ cá. Đây là món ăn quen thuộc trong mâm cơm miền Bắc vào những ngày mưa. 
Từ xưa, các món cá kho luôn được ưu tiên trong mâm cơm gia đình Việt từ Bắc vào Nam. 
Thịt cá bớp mềm ngậy, vị đậm đà mặn ngọt cay, nước kho màu hổ phách sền sệt, dậy mùi thơm của hạt tiêu, hành lá. 
Từng con cá bống săn cứng, màu hổ phách, vị đậm đà và cong như chữ C mà người Huế gọi là ''cá ngó đuôi''. Món này ăn cùng cơm trắng hay cháo gạo đỏ là nét đặc trưng của cố đô. 
Thịt cá săn đậm vị, thơm mùi tương bần đặc trưng. Nước kho sánh màu nâu đỏ, chấm cùng rau luộc, trở thành món ăn bình dân nhưng không thể quên với nhiều thế hệ. 
Thịt cá thẩm thấu vị chua nhẹ từ trám, chút ngầy ngậy từ thịt, còn từng miếng trám bùi dẻo, đượm vị ngọt ngon từ cá và tương nếp. 
Cá săn chắc đậm vị, củ cải mềm thấm đượm vị ngọt từ cá, ăn cùng cơm trắng rất hao.",https://vcdn1-giadinh.vnecdn.net/2022/07/12/Buoc-1-1-7247-1657601877.jpg?w=680&h=0&q=100&dpr=1&fit=crop&s=t0w3_7nk-96szMHWBskAvA
Cách làm cá bớp kho tộ kiểu miền Nam,https://vnexpress.net/doi-song-cooking-4653994.html,"Thịt cá bớp mềm ngậy, vị đậm đà mặn ngọt cay, nước kho màu hổ phách sền sệt, dậy mùi thơm của hạt tiêu, hành lá.
Cá kho chắc thịt, vị đậm đà. Chuối bùi dẻo, ngậm tròn vị ngọt ngon từ cá. Đây là món ăn quen thuộc trong mâm cơm miền Bắc vào những ngày mưa. 
Từ xưa, các món cá kho luôn được ưu tiên trong mâm cơm gia đình Việt từ Bắc vào Nam. 
Thịt cá màu nâu sậm như vân gỗ trắc, măng giòn ngấm vị chua cay và quyện vị đậm đà từ cá, càng ăn càng gây nghiện. 
Từng con cá bống săn cứng, màu hổ phách, vị đậm đà và cong như chữ C mà người Huế gọi là ''cá ngó đuôi''. Món này ăn cùng cơm trắng hay cháo gạo đỏ là nét đặc trưng của cố đô. 
Thịt cá săn đậm vị, thơm mùi tương bần đặc trưng. Nước kho sánh màu nâu đỏ, chấm cùng rau luộc, trở thành món ăn bình dân nhưng không thể quên với nhiều thế hệ. 
Thịt cá thẩm thấu vị chua nhẹ từ trám, chút ngầy ngậy từ thịt, còn từng miếng trám bùi dẻo, đượm vị ngọt ngon từ cá và tương nếp. 
Cá săn chắc đậm vị, củ cải mềm thấm đượm vị ngọt từ cá, ăn cùng cơm trắng rất hao.",https://vcdn1-giadinh.vnecdn.net/2023/09/16/Buoc-1-1-5781-1694856861.jpg?w=680&h=0&q=100&dpr=1&fit=crop&s=fOwCin696u1K53zi8aAtKw
Cách làm cá bống kho tương hao cơm ngày lạnh,https://vnexpress.net/doi-song-cooking-4536424.html,"Thịt cá săn đậm vị, thơm mùi tương bần đặc trưng. Nước kho sánh màu nâu đỏ, chấm cùng rau luộc, trở thành món ăn bình dân nhưng không thể quên với nhiều thế hệ.",https://vcdn1-giadinh.vnecdn.net/2022/11/15/Buoc-1-1-4159-1668508911.jpg?w=680&h=0&q=100&dpr=1&fit=crop&s=tgBz9V9oKuzSgjowNReMBQ
Cá kho trám xanh - thức quà mùa thu,https://vnexpress.net/doi-song-cooking-4522612.html,"Thịt cá thẩm thấu vị chua nhẹ từ trám, chút ngầy ngậy từ thịt, còn từng miếng trám bùi dẻo, đượm vị ngọt ngon từ cá và tương nếp.",https://vcdn1-giadinh.vnecdn.net/2022/10/12/-5381-1665567377.jpg?w=680&h=0&q=100&dpr=1&fit=crop&s=AREk9BAVnXTl-m6c_pr3vg
Cách làm cá kho củ cải đưa cơm,https://vnexpress.net/doi-song-cooking-4515525.html,"Cá săn chắc đậm vị, củ cải mềm thấm đượm vị ngọt từ cá, ăn cùng cơm trắng rất hao.",https://vcdn1-giadinh.vnecdn.net/2022/09/25/-6715-1664091891.jpg?w=680&h=0&q=100&dpr=1&fit=crop&s=XvpPMGT4xg9_PA0kBsMrGQ
Cách làm chả cá Hà Nội hương vị xưa,https://vnexpress.net/doi-song-cooking-4574099.html,"Món ăn Hà thành được CNN ca ngợi là một trong những món Việt ngon nhất thế giới và từng được đưa vào cuốn sách ""1.000 nơi nên biết trước khi chết"".
Vị lá chanh trong miếng chả rất thơm, thêm nước chấm nhiều tỏi nữa là bạn có món chả cá tuyệt vời cho bữa ăn hôm nay. 
Vào dịp nghỉ lễ 30/4 này, bạn có thể đãi cả nhà bằng món chả cá tự làm, vừa giàu dinh dưỡng lại lạ miệng, dễ ăn và cũng rất dễ làm. 
Món này dễ làm, lại nhanh mà mùi vị rất thơm ngon, lạ miệng. Mời bạn trổ tài để cả nhà được thưởng thức. 
Chả cá ngần ngọt, thịt có độ dai vừa phải, dậy mùi lá lốt, rau răm, thì là... chấm cùng tương ớt hoặc nước mắm chua ngọt rất hấp dẫn.",https://vcdn1-giadinh.vnecdn.net/2023/02/23/Buoc-1-1-9924-1677138710.jpg?w=680&h=0&q=100&dpr=1&fit=crop&s=hSWJbp38-CnnXMbPLglw-Q
Thơm ngon chả cá lá chanh,https://vnexpress.net/doi-song-cooking-4311087.html,"Vị lá chanh trong miếng chả rất thơm, thêm nước chấm nhiều tỏi nữa là bạn có món chả cá tuyệt vời cho bữa ăn hôm nay.
Món ăn Hà thành được CNN ca ngợi là một trong những món Việt ngon nhất thế giới và từng được đưa vào cuốn sách ""1.000 nơi nên biết trước khi chết"". 
Vào dịp nghỉ lễ 30/4 này, bạn có thể đãi cả nhà bằng món chả cá tự làm, vừa giàu dinh dưỡng lại lạ miệng, dễ ăn và cũng rất dễ làm. 
Món này dễ làm, lại nhanh mà mùi vị rất thơm ngon, lạ miệng. Mời bạn trổ tài để cả nhà được thưởng thức. 
Chả cá ngần ngọt, thịt có độ dai vừa phải, dậy mùi lá lốt, rau răm, thì là... chấm cùng tương ớt hoặc nước mắm chua ngọt rất hấp dẫn.",
Chả cá thì là,https://vnexpress.net/doi-song-cooking-4311356.html,"Vào dịp nghỉ lễ 30/4 này, bạn có thể đãi cả nhà bằng món chả cá tự làm, vừa giàu dinh dưỡng lại lạ miệng, dễ ăn và cũng rất dễ làm.
Món ăn Hà thành được CNN ca ngợi là một trong những món Việt ngon nhất thế giới và từng được đưa vào cuốn sách ""1.000 nơi nên biết trước khi chết"". 
Vị lá chanh trong miếng chả rất thơm, thêm nước chấm nhiều tỏi nữa là bạn có món chả cá tuyệt vời cho bữa ăn hôm nay. 
Món này dễ làm, lại nhanh mà mùi vị rất thơm ngon, lạ miệng. Mời bạn trổ tài để cả nhà được thưởng thức. 
Chả cá ngần ngọt, thịt có độ dai vừa phải, dậy mùi lá lốt, rau răm, thì là... chấm cùng tương ớt hoặc nước mắm chua ngọt rất hấp dẫn.",
Chả cá măng tây,https://vnexpress.net/doi-song-cooking-4311189.html,"Món này dễ làm, lại nhanh mà mùi vị rất thơm ngon, lạ miệng. Mời bạn trổ tài để cả nhà được thưởng thức.
Món ăn Hà thành được CNN ca ngợi là một trong những món Việt ngon nhất thế giới và từng được đưa vào cuốn sách ""1.000 nơi nên biết trước khi chết"". 
Vị lá chanh trong miếng chả rất thơm, thêm nước chấm nhiều tỏi nữa là bạn có món chả cá tuyệt vời cho bữa ăn hôm nay. 
Vào dịp nghỉ lễ 30/4 này, bạn có thể đãi cả nhà bằng món chả cá tự làm, vừa giàu dinh dưỡng lại lạ miệng, dễ ăn và cũng rất dễ làm. 
Chả cá ngần ngọt, thịt có độ dai vừa phải, dậy mùi lá lốt, rau răm, thì là... chấm cùng tương ớt hoặc nước mắm chua ngọt rất hấp dẫn.",
Cách làm chả cá ngần - đặc sản sông Đà,https://vnexpress.net/doi-song-cooking-4298516.html,"Chả cá ngần ngọt, thịt có độ dai vừa phải, dậy mùi lá lốt, rau răm, thì là... chấm cùng tương ớt hoặc nước mắm chua ngọt rất hấp dẫn.
Món ăn Hà thành được CNN ca ngợi là một trong những món Việt ngon nhất thế giới và từng được đưa vào cuốn sách ""1.000 nơi nên biết trước khi chết"". 
Vị lá chanh trong miếng chả rất thơm, thêm nước chấm nhiều tỏi nữa là bạn có món chả cá tuyệt vời cho bữa ăn hôm nay. 
Vào dịp nghỉ lễ 30/4 này, bạn có thể đãi cả nhà bằng món chả cá tự làm, vừa giàu dinh dưỡng lại lạ miệng, dễ ăn và cũng rất dễ làm. 
Món này dễ làm, lại nhanh mà mùi vị rất thơm ngon, lạ miệng. Mời bạn trổ tài để cả nhà được thưởng thức.",
Chè bưởi,https://vnexpress.net/doi-song-cooking-4311307.html,Món chè bưởi thơm ngon do chính tay bạn làm sẽ khiến cả nhà bất ngờ.,
Chè bưởi,https://vnexpress.net/doi-song-cooking-4311485.html,"Từ tháng 8 âm lịch là mùa bưởi rộ. Chỉ cần một chút khéo tay, một chút kiên nhẫn, bạn có thể tận dụng vỏ bưởi để làm món chè bưởi thơm ngon đãi cả nhà.",
Chè bưởi thơm ngon ngày giãn cách,https://vnexpress.net/doi-song-cooking-4350050.html,"Chè bưởi có vị ngọt thanh của đường thốt nốt, nước cốt dừa béo, bùi ngậy từ đậu xanh đậu phộng rang, và giòn sần sật của cùi bưởi.",https://vcdn1-vnexpress.vnecdn.net/2021/09/02/b6cc1915-8a72-432e-bafa-839a1c-6334-3470-1630549213.jpg?w=680&h=0&q=100&dpr=1&fit=crop&s=p7Ca_mT-koeuRt4DtC0lkw
Mẹo làm cơm rang hoàn hảo,https://vnexpress.net/doi-song-cooking-4522096.html,"Để hạt cơm tơi, thấm đều vị, bên trong vẫn mềm thơm, bên ngoài có chút giòn hấp dẫn, cần có bí kíp riêng.",https://vcdn1-giadinh.vnecdn.net/2022/10/11/-4195-1665478227.jpg?w=680&h=0&q=100&dpr=1&fit=crop&s=bdgU8mybSZJtJlKRpcUzAg
Cách làm Cơm rang trứng,https://vnexpress.net/doi-song-cooking-4668997.html,"Cơm rang trứng là món ăn quen thuộc, gắn liền với tuổi thơ được nhiều người yêu thích.
Để hạt cơm tơi, thấm đều vị, bên trong vẫn mềm thơm, bên ngoài có chút giòn hấp dẫn, cần có bí kíp riêng. 
Một đĩa cơm rang trứng nóng hổi vừa săn dẻo vừa giòn thơm dễ chiều vị giác ngày đông. Nhưng câu hỏi nhiều người băn khoăn nên cho trứng vào trước hay sau? 
Cơm rang dưa bò kiểu Hà Nội có hạt cơm dẻo, giòn, màu vàng đẹp mắt, thịt bò mềm ngọt, dưa cải chua nhẹ. Đây là món ăn bình dân hợp khẩu vị được nhiều người yêu thích. 
Từng hạt cơm săn tơi hạt, dậy mùi thơm của tỏi, màu vàng mơ đẹp mắt quyện vị bùi bùi từ trứng muối. Món ăn gợi nhớ lại hương vị tuổi thơ của nhiều thế hệ ở miền Nam. 
Đĩa cơm rang Dương Châu như bức tranh nhiều sắc màu. Cơm tơi hạt, màu vàng mơ xen kẽ các vân trứng bắt mắt, rau củ quả khô ráo, tươi mới. Khi ăn cảm nhận đủ vị bùi béo ngọt thơm. 
Cơm chiên màu xanh bắt mắt, tơi hạt, dậy mùi thơm đặc trưng của lá é, chút the cay từ ớt xiêm khiến ai một lần thưởng thức đều lưu luyến. 
Hạt cơm đậm vị quyện với tóp mỡ giòn giòn, béo ngậy cùng dưa cải chua chua rất hấp dẫn. Đây là món ăn thuở nghèo khó, gắn liền tuổi thơ nhiều người. 
Hạt cơm chiên chín tơi, không quá khô, kết hợp cùng rau củ, thịt tôm ngọt, râu mực giòn giòn, hấp dẫn.",https://vcdn1-giadinh.vnecdn.net/2023/10/25/Buoc-1-1-5234-1698218565.jpg?w=680&h=0&q=100&dpr=1&fit=crop&s=ERm2ZZi4MZ5IJ5H-rkmZxA
Cách làm cơm rang dưa bò Hà Nội,https://vnexpress.net/doi-song-cooking-4665837.html,"Cơm rang dưa bò kiểu Hà Nội có hạt cơm dẻo, giòn, màu vàng đẹp mắt, thịt bò mềm ngọt, dưa cải chua nhẹ. Đây là món ăn bình dân hợp khẩu vị được nhiều người yêu thích.
Để hạt cơm tơi, thấm đều vị, bên trong vẫn mềm thơm, bên ngoài có chút giòn hấp dẫn, cần có bí kíp riêng. 
Một đĩa cơm rang trứng nóng hổi vừa săn dẻo vừa giòn thơm dễ chiều vị giác ngày đông. Nhưng câu hỏi nhiều người băn khoăn nên cho trứng vào trước hay sau? 
Cơm rang trứng là món ăn quen thuộc, gắn liền với tuổi thơ được nhiều người yêu thích. 
Từng hạt cơm săn tơi hạt, dậy mùi thơm của tỏi, màu vàng mơ đẹp mắt quyện vị bùi bùi từ trứng muối. Món ăn gợi nhớ lại hương vị tuổi thơ của nhiều thế hệ ở miền Nam. 
Đĩa cơm rang Dương Châu như bức tranh nhiều sắc màu. Cơm tơi hạt, màu vàng mơ xen kẽ các vân trứng bắt mắt, rau củ quả khô ráo, tươi mới. Khi ăn cảm nhận đủ vị bùi béo ngọt thơm. 
Cơm chiên màu xanh bắt mắt, tơi hạt, dậy mùi thơm đặc trưng của lá é, chút the cay từ ớt xiêm khiến ai một lần thưởng thức đều lưu luyến. 
Hạt cơm đậm vị quyện với tóp mỡ giòn giòn, béo ngậy cùng dưa cải chua chua rất hấp dẫn. Đây là món ăn thuở nghèo khó, gắn liền tuổi thơ nhiều người. 
Hạt cơm chiên chín tơi, không quá khô, kết hợp cùng rau củ, thịt tôm ngọt, râu mực giòn giòn, hấp dẫn.",https://vcdn1-giadinh.vnecdn.net/2023/10/17/Buoc-1-1-2174-1697527934.jpg?w=680&h=0&q=100&dpr=1&fit=crop&s=HKTgeKokfrOEa7YiTaMK2w
Cách làm cơm chiên tỏi tơi xốp như nhà hàng,https://vnexpress.net/doi-song-cooking-4570849.html,"Từng hạt cơm săn tơi hạt, dậy mùi thơm của tỏi, màu vàng mơ đẹp mắt quyện vị bùi bùi từ trứng muối. Món ăn gợi nhớ lại hương vị tuổi thơ của nhiều thế hệ ở miền Nam.
Để hạt cơm tơi, thấm đều vị, bên trong vẫn mềm thơm, bên ngoài có chút giòn hấp dẫn, cần có bí kíp riêng. 
Một đĩa cơm rang trứng nóng hổi vừa săn dẻo vừa giòn thơm dễ chiều vị giác ngày đông. Nhưng câu hỏi nhiều người băn khoăn nên cho trứng vào trước hay sau? 
Cơm rang trứng là món ăn quen thuộc, gắn liền với tuổi thơ được nhiều người yêu thích. 
Cơm rang dưa bò kiểu Hà Nội có hạt cơm dẻo, giòn, màu vàng đẹp mắt, thịt bò mềm ngọt, dưa cải chua nhẹ. Đây là món ăn bình dân hợp khẩu vị được nhiều người yêu thích. 
Đĩa cơm rang Dương Châu như bức tranh nhiều sắc màu. Cơm tơi hạt, màu vàng mơ xen kẽ các vân trứng bắt mắt, rau củ quả khô ráo, tươi mới. Khi ăn cảm nhận đủ vị bùi béo ngọt thơm. 
Cơm chiên màu xanh bắt mắt, tơi hạt, dậy mùi thơm đặc trưng của lá é, chút the cay từ ớt xiêm khiến ai một lần thưởng thức đều lưu luyến. 
Hạt cơm đậm vị quyện với tóp mỡ giòn giòn, béo ngậy cùng dưa cải chua chua rất hấp dẫn. Đây là món ăn thuở nghèo khó, gắn liền tuổi thơ nhiều người. 
Hạt cơm chiên chín tơi, không quá khô, kết hợp cùng rau củ, thịt tôm ngọt, râu mực giòn giòn, hấp dẫn.",https://vcdn1-giadinh.vnecdn.net/2023/02/15/Buoc-1-1-4344-1676433973.jpg?w=680&h=0&q=100&dpr=1&fit=crop&s=mDQQVqkZcEDKpPhuLi4Puw
"Cách làm cơm chiên Dương Châu giòn ngon, đổi vị ngày Tết",https://vnexpress.net/doi-song-cooking-4554577.html,"Đĩa cơm rang Dương Châu như bức tranh nhiều sắc màu. Cơm tơi hạt, màu vàng mơ xen kẽ các vân trứng bắt mắt, rau củ quả khô ráo, tươi mới. Khi ăn cảm nhận đủ vị bùi béo ngọt thơm.
Để hạt cơm tơi, thấm đều vị, bên trong vẫn mềm thơm, bên ngoài có chút giòn hấp dẫn, cần có bí kíp riêng. 
Một đĩa cơm rang trứng nóng hổi vừa săn dẻo vừa giòn thơm dễ chiều vị giác ngày đông. Nhưng câu hỏi nhiều người băn khoăn nên cho trứng vào trước hay sau? 
Cơm rang trứng là món ăn quen thuộc, gắn liền với tuổi thơ được nhiều người yêu thích. 
Cơm rang dưa bò kiểu Hà Nội có hạt cơm dẻo, giòn, màu vàng đẹp mắt, thịt bò mềm ngọt, dưa cải chua nhẹ. Đây là món ăn bình dân hợp khẩu vị được nhiều người yêu thích. 
Từng hạt cơm săn tơi hạt, dậy mùi thơm của tỏi, màu vàng mơ đẹp mắt quyện vị bùi bùi từ trứng muối. Món ăn gợi nhớ lại hương vị tuổi thơ của nhiều thế hệ ở miền Nam. 
Cơm chiên màu xanh bắt mắt, tơi hạt, dậy mùi thơm đặc trưng của lá é, chút the cay từ ớt xiêm khiến ai một lần thưởng thức đều lưu luyến. 
Hạt cơm đậm vị quyện với tóp mỡ giòn giòn, béo ngậy cùng dưa cải chua chua rất hấp dẫn. Đây là món ăn thuở nghèo khó, gắn liền tuổi thơ nhiều người. 
Hạt cơm chiên chín tơi, không quá khô, kết hợp cùng rau củ, thịt tôm ngọt, râu mực giòn giòn, hấp dẫn.",https://vcdn1-giadinh.vnecdn.net/2022/12/30/Buoc-1-1-2151-1672386701.jpg?w=680&h=0&q=100&dpr=1&fit=crop&s=pwyexwBU45VNfuMTHN0jqQ
Cách làm cơm chiên lá é - đặc sản Nha Trang,https://vnexpress.net/doi-song-cooking-4510805.html,"Cơm chiên màu xanh bắt mắt, tơi hạt, dậy mùi thơm đặc trưng của lá é, chút the cay từ ớt xiêm khiến ai một lần thưởng thức đều lưu luyến.
Để hạt cơm tơi, thấm đều vị, bên trong vẫn mềm thơm, bên ngoài có chút giòn hấp dẫn, cần có bí kíp riêng. 
Một đĩa cơm rang trứng nóng hổi vừa săn dẻo vừa giòn thơm dễ chiều vị giác ngày đông. Nhưng câu hỏi nhiều người băn khoăn nên cho trứng vào trước hay sau? 
Cơm rang trứng là món ăn quen thuộc, gắn liền với tuổi thơ được nhiều người yêu thích. 
Cơm rang dưa bò kiểu Hà Nội có hạt cơm dẻo, giòn, màu vàng đẹp mắt, thịt bò mềm ngọt, dưa cải chua nhẹ. Đây là món ăn bình dân hợp khẩu vị được nhiều người yêu thích. 
Từng hạt cơm săn tơi hạt, dậy mùi thơm của tỏi, màu vàng mơ đẹp mắt quyện vị bùi bùi từ trứng muối. Món ăn gợi nhớ lại hương vị tuổi thơ của nhiều thế hệ ở miền Nam. 
Đĩa cơm rang Dương Châu như bức tranh nhiều sắc màu. Cơm tơi hạt, màu vàng mơ xen kẽ các vân trứng bắt mắt, rau củ quả khô ráo, tươi mới. Khi ăn cảm nhận đủ vị bùi béo ngọt thơm. 
Hạt cơm đậm vị quyện với tóp mỡ giòn giòn, béo ngậy cùng dưa cải chua chua rất hấp dẫn. Đây là món ăn thuở nghèo khó, gắn liền tuổi thơ nhiều người. 
Hạt cơm chiên chín tơi, không quá khô, kết hợp cùng rau củ, thịt tôm ngọt, râu mực giòn giòn, hấp dẫn.",https://vcdn1-giadinh.vnecdn.net/2022/09/13/-5356-1663058196.jpg?w=680&h=0&q=100&dpr=1&fit=crop&s=wLYoBIc99C8XdB8gd7Vc-A
Cơm rang tóp mỡ dưa chua - món gợi nhớ tuổi thơ,https://vnexpress.net/doi-song-cooking-4376837.html,"Hạt cơm đậm vị quyện với tóp mỡ giòn giòn, béo ngậy cùng dưa cải chua chua rất hấp dẫn. Đây là món ăn thuở nghèo khó, gắn liền tuổi thơ nhiều người.
Để hạt cơm tơi, thấm đều vị, bên trong vẫn mềm thơm, bên ngoài có chút giòn hấp dẫn, cần có bí kíp riêng. 
Một đĩa cơm rang trứng nóng hổi vừa săn dẻo vừa giòn thơm dễ chiều vị giác ngày đông. Nhưng câu hỏi nhiều người băn khoăn nên cho trứng vào trước hay sau? 
Cơm rang trứng là món ăn quen thuộc, gắn liền với tuổi thơ được nhiều người yêu thích. 
Cơm rang dưa bò kiểu Hà Nội có hạt cơm dẻo, giòn, màu vàng đẹp mắt, thịt bò mềm ngọt, dưa cải chua nhẹ. Đây là món ăn bình dân hợp khẩu vị được nhiều người yêu thích. 
Từng hạt cơm săn tơi hạt, dậy mùi thơm của tỏi, màu vàng mơ đẹp mắt quyện vị bùi bùi từ trứng muối. Món ăn gợi nhớ lại hương vị tuổi thơ của nhiều thế hệ ở miền Nam. 
Đĩa cơm rang Dương Châu như bức tranh nhiều sắc màu. Cơm tơi hạt, màu vàng mơ xen kẽ các vân trứng bắt mắt, rau củ quả khô ráo, tươi mới. Khi ăn cảm nhận đủ vị bùi béo ngọt thơm. 
Cơm chiên màu xanh bắt mắt, tơi hạt, dậy mùi thơm đặc trưng của lá é, chút the cay từ ớt xiêm khiến ai một lần thưởng thức đều lưu luyến. 
Hạt cơm chiên chín tơi, không quá khô, kết hợp cùng rau củ, thịt tôm ngọt, râu mực giòn giòn, hấp dẫn.",
Cơm chiên Dương Châu hải sản,https://vnexpress.net/doi-song-cooking-4325154.html,"Hạt cơm chiên chín tơi, không quá khô, kết hợp cùng rau củ, thịt tôm ngọt, râu mực giòn giòn, hấp dẫn.
Để hạt cơm tơi, thấm đều vị, bên trong vẫn mềm thơm, bên ngoài có chút giòn hấp dẫn, cần có bí kíp riêng. 
Một đĩa cơm rang trứng nóng hổi vừa săn dẻo vừa giòn thơm dễ chiều vị giác ngày đông. Nhưng câu hỏi nhiều người băn khoăn nên cho trứng vào trước hay sau? 
Cơm rang trứng là món ăn quen thuộc, gắn liền với tuổi thơ được nhiều người yêu thích. 
Cơm rang dưa bò kiểu Hà Nội có hạt cơm dẻo, giòn, màu vàng đẹp mắt, thịt bò mềm ngọt, dưa cải chua nhẹ. Đây là món ăn bình dân hợp khẩu vị được nhiều người yêu thích. 
Từng hạt cơm săn tơi hạt, dậy mùi thơm của tỏi, màu vàng mơ đẹp mắt quyện vị bùi bùi từ trứng muối. Món ăn gợi nhớ lại hương vị tuổi thơ của nhiều thế hệ ở miền Nam. 
Đĩa cơm rang Dương Châu như bức tranh nhiều sắc màu. Cơm tơi hạt, màu vàng mơ xen kẽ các vân trứng bắt mắt, rau củ quả khô ráo, tươi mới. Khi ăn cảm nhận đủ vị bùi béo ngọt thơm. 
Cơm chiên màu xanh bắt mắt, tơi hạt, dậy mùi thơm đặc trưng của lá é, chút the cay từ ớt xiêm khiến ai một lần thưởng thức đều lưu luyến. 
Hạt cơm đậm vị quyện với tóp mỡ giòn giòn, béo ngậy cùng dưa cải chua chua rất hấp dẫn. Đây là món ăn thuở nghèo khó, gắn liền tuổi thơ nhiều người.",https://vcdn1-ngoisao.vnecdn.net/2021/08/06/198504848-2622790214680794-479-6509-1396-1628218529.jpg?w=680&h=0&q=100&dpr=1&fit=crop&s=yVcB6sblcGCyHjjsO88Njg
Cách nấu chân giò giả cầy kiểu Bắc,https://vnexpress.net/doi-song-cooking-4309488.html,"Thịt chân giò đậm vị, nước sánh vàng rượi, dậy mùi đặc trưng của riềng mẻ mắm tôm, xen kẽ hành răm, rau ngổ xanh tươi rất hấp dẫn.
Món ăn này hợp mùa đông với miếng giả cầy màu nâu vàng óng, phần bì giòn sần sật mà bên trong thịt mềm, nước sóng sánh vàng rượi, đượm mùi thơm của mắm tôm, riềng mẻ. 
Khác với giả cầy miền Bắc thoảng vị chua, màu vàng sậm hay giả cầy miền Trung đượm vị ngọt, giả cầy miền Tây lại dậy mùi thơm béo ngậy từ chao. 
Khác với giả cầy Hà Nội đặc trưng bởi vị chua, giả cầy Nghệ An đượm vị ngọt mật mía, giả cầy miền Tây thơm mùi chao thì giả cầy An Phú (Thái Bình) hấp dẫn bằng sự mộc mạc. 
Bún giả cầy có thịt mềm đậm vị nhưng bì vẫn còn chút giòn, nước sóng sánh vàng, dậy mùi thơm của mắm tôm, riềng mẻ. Món này ăn cùng bún rất ngon nhất là trong tiết trời lạnh. 
Thịt giả cầy mềm mà không bở, có vị ngọt nhẹ từ mật mía, dậy mùi thơm của lá tắt, mắm tôm và sánh màu nâu đỏ đẹp mắt. Món ăn dân dã này thường ăn kèm bún hoặc bánh mướt rất ngon.",
Cách làm giả cầy Hà Nội nấu theo lối xưa,https://vnexpress.net/doi-song-cooking-4694998.html,"Món ăn này hợp mùa đông với miếng giả cầy màu nâu vàng óng, phần bì giòn sần sật mà bên trong thịt mềm, nước sóng sánh vàng rượi, đượm mùi thơm của mắm tôm, riềng mẻ.
Thịt chân giò đậm vị, nước sánh vàng rượi, dậy mùi đặc trưng của riềng mẻ mắm tôm, xen kẽ hành răm, rau ngổ xanh tươi rất hấp dẫn. 
Khác với giả cầy miền Bắc thoảng vị chua, màu vàng sậm hay giả cầy miền Trung đượm vị ngọt, giả cầy miền Tây lại dậy mùi thơm béo ngậy từ chao. 
Khác với giả cầy Hà Nội đặc trưng bởi vị chua, giả cầy Nghệ An đượm vị ngọt mật mía, giả cầy miền Tây thơm mùi chao thì giả cầy An Phú (Thái Bình) hấp dẫn bằng sự mộc mạc. 
Bún giả cầy có thịt mềm đậm vị nhưng bì vẫn còn chút giòn, nước sóng sánh vàng, dậy mùi thơm của mắm tôm, riềng mẻ. Món này ăn cùng bún rất ngon nhất là trong tiết trời lạnh. 
Thịt giả cầy mềm mà không bở, có vị ngọt nhẹ từ mật mía, dậy mùi thơm của lá tắt, mắm tôm và sánh màu nâu đỏ đẹp mắt. Món ăn dân dã này thường ăn kèm bún hoặc bánh mướt rất ngon.",https://vcdn1-giadinh.vnecdn.net/2023/12/29/Buoc-1-1-3129-1703836851.jpg?w=680&h=0&q=100&dpr=1&fit=crop&s=StQFPHJKFUgdIfFY54Wxgw
Cách làm Giả cầy miền Tây dậy mùi thơm béo ngậy,https://vnexpress.net/doi-song-cooking-4501186.html,"Khác với giả cầy miền Bắc thoảng vị chua, màu vàng sậm hay giả cầy miền Trung đượm vị ngọt, giả cầy miền Tây lại dậy mùi thơm béo ngậy từ chao.
Thịt chân giò đậm vị, nước sánh vàng rượi, dậy mùi đặc trưng của riềng mẻ mắm tôm, xen kẽ hành răm, rau ngổ xanh tươi rất hấp dẫn. 
Món ăn này hợp mùa đông với miếng giả cầy màu nâu vàng óng, phần bì giòn sần sật mà bên trong thịt mềm, nước sóng sánh vàng rượi, đượm mùi thơm của mắm tôm, riềng mẻ. 
Khác với giả cầy Hà Nội đặc trưng bởi vị chua, giả cầy Nghệ An đượm vị ngọt mật mía, giả cầy miền Tây thơm mùi chao thì giả cầy An Phú (Thái Bình) hấp dẫn bằng sự mộc mạc. 
Bún giả cầy có thịt mềm đậm vị nhưng bì vẫn còn chút giòn, nước sóng sánh vàng, dậy mùi thơm của mắm tôm, riềng mẻ. Món này ăn cùng bún rất ngon nhất là trong tiết trời lạnh. 
Thịt giả cầy mềm mà không bở, có vị ngọt nhẹ từ mật mía, dậy mùi thơm của lá tắt, mắm tôm và sánh màu nâu đỏ đẹp mắt. Món ăn dân dã này thường ăn kèm bún hoặc bánh mướt rất ngon.",https://vcdn1-giadinh.vnecdn.net/2022/08/18/Buoc-1-1-5483-1660810238.jpg?w=680&h=0&q=100&dpr=1&fit=crop&s=vwGHX2eZeB3klVjCUaRxSQ
Cách nấu giả cầy An Phú - món ngon đặc sản Thái Bình,https://vnexpress.net/doi-song-cooking-4492308.html,"Khác với giả cầy Hà Nội đặc trưng bởi vị chua, giả cầy Nghệ An đượm vị ngọt mật mía, giả cầy miền Tây thơm mùi chao thì giả cầy An Phú (Thái Bình) hấp dẫn bằng sự mộc mạc.
Thịt chân giò đậm vị, nước sánh vàng rượi, dậy mùi đặc trưng của riềng mẻ mắm tôm, xen kẽ hành răm, rau ngổ xanh tươi rất hấp dẫn. 
Món ăn này hợp mùa đông với miếng giả cầy màu nâu vàng óng, phần bì giòn sần sật mà bên trong thịt mềm, nước sóng sánh vàng rượi, đượm mùi thơm của mắm tôm, riềng mẻ. 
Khác với giả cầy miền Bắc thoảng vị chua, màu vàng sậm hay giả cầy miền Trung đượm vị ngọt, giả cầy miền Tây lại dậy mùi thơm béo ngậy từ chao. 
Bún giả cầy có thịt mềm đậm vị nhưng bì vẫn còn chút giòn, nước sóng sánh vàng, dậy mùi thơm của mắm tôm, riềng mẻ. Món này ăn cùng bún rất ngon nhất là trong tiết trời lạnh. 
Thịt giả cầy mềm mà không bở, có vị ngọt nhẹ từ mật mía, dậy mùi thơm của lá tắt, mắm tôm và sánh màu nâu đỏ đẹp mắt. Món ăn dân dã này thường ăn kèm bún hoặc bánh mướt rất ngon.",https://vcdn1-giadinh.vnecdn.net/2022/07/26/Buoc-1-1-7232-1658822506.jpg?w=680&h=0&q=100&dpr=1&fit=crop&s=Uz2iPnlGQVnQ5uwcyOSh8A
Cách làm bún giả cầy chuẩn vị,https://vnexpress.net/doi-song-cooking-4429168.html,"Bún giả cầy có thịt mềm đậm vị nhưng bì vẫn còn chút giòn, nước sóng sánh vàng, dậy mùi thơm của mắm tôm, riềng mẻ. Món này ăn cùng bún rất ngon nhất là trong tiết trời lạnh.
Thịt chân giò đậm vị, nước sánh vàng rượi, dậy mùi đặc trưng của riềng mẻ mắm tôm, xen kẽ hành răm, rau ngổ xanh tươi rất hấp dẫn. 
Món ăn này hợp mùa đông với miếng giả cầy màu nâu vàng óng, phần bì giòn sần sật mà bên trong thịt mềm, nước sóng sánh vàng rượi, đượm mùi thơm của mắm tôm, riềng mẻ. 
Khác với giả cầy miền Bắc thoảng vị chua, màu vàng sậm hay giả cầy miền Trung đượm vị ngọt, giả cầy miền Tây lại dậy mùi thơm béo ngậy từ chao. 
Khác với giả cầy Hà Nội đặc trưng bởi vị chua, giả cầy Nghệ An đượm vị ngọt mật mía, giả cầy miền Tây thơm mùi chao thì giả cầy An Phú (Thái Bình) hấp dẫn bằng sự mộc mạc. 
Thịt giả cầy mềm mà không bở, có vị ngọt nhẹ từ mật mía, dậy mùi thơm của lá tắt, mắm tôm và sánh màu nâu đỏ đẹp mắt. Món ăn dân dã này thường ăn kèm bún hoặc bánh mướt rất ngon.",https://vcdn1-giadinh.vnecdn.net/2022/02/18/Buoc-1-7998-1645173239.jpg?w=680&h=0&q=100&dpr=1&fit=crop&s=WeWN8IVYTvcK9aNHJ9qhzA
Cách nấu giả cầy Nghệ An chuẩn vị,https://vnexpress.net/doi-song-cooking-4409281.html,"Thịt giả cầy mềm mà không bở, có vị ngọt nhẹ từ mật mía, dậy mùi thơm của lá tắt, mắm tôm và sánh màu nâu đỏ đẹp mắt. Món ăn dân dã này thường ăn kèm bún hoặc bánh mướt rất ngon.
Thịt chân giò đậm vị, nước sánh vàng rượi, dậy mùi đặc trưng của riềng mẻ mắm tôm, xen kẽ hành răm, rau ngổ xanh tươi rất hấp dẫn. 
Món ăn này hợp mùa đông với miếng giả cầy màu nâu vàng óng, phần bì giòn sần sật mà bên trong thịt mềm, nước sóng sánh vàng rượi, đượm mùi thơm của mắm tôm, riềng mẻ. 
Khác với giả cầy miền Bắc thoảng vị chua, màu vàng sậm hay giả cầy miền Trung đượm vị ngọt, giả cầy miền Tây lại dậy mùi thơm béo ngậy từ chao. 
Khác với giả cầy Hà Nội đặc trưng bởi vị chua, giả cầy Nghệ An đượm vị ngọt mật mía, giả cầy miền Tây thơm mùi chao thì giả cầy An Phú (Thái Bình) hấp dẫn bằng sự mộc mạc. 
Bún giả cầy có thịt mềm đậm vị nhưng bì vẫn còn chút giòn, nước sóng sánh vàng, dậy mùi thơm của mắm tôm, riềng mẻ. Món này ăn cùng bún rất ngon nhất là trong tiết trời lạnh.",https://vcdn1-giadinh.vnecdn.net/2021/12/28/Buoc-1-7508-1640679038.jpg?w=680&h=0&q=100&dpr=1&fit=crop&s=G4b5HbnLv3V-vBLkUgp1Gw
Cách làm gỏi gà rau răm thanh mát ngày hè,https://vnexpress.net/doi-song-cooking-4327209.html,"Thịt gà mềm ngọt, hành tây giòn, hài hòa các vị chua cay mặn ngọt rất thanh mát và hấp dẫn trong mùa hè.
Gà ta chắc thịt, da vàng trộn cùng măng cụt giòn ngọt, chua và chát nhẹ, rau củ tươi mát. Đây là món ăn được nhiều người ưu ái gọi tên ''gỏi nữ hoàng'' và chỉ duy nhất có từ tháng 4-6 ở Nam Bộ.",
Cách làm kim chi dưa leo đơn giản tại nhà,https://vnexpress.net/doi-song-cooking-4331755.html,"Kim chi dưa leo (dưa chuột) vị chua ngọt hài hòa, dậy mùi thơm đặc trưng của kim chi, ăn cùng cơm nóng hoặc thịt nướng rất ''hao cơm''.
Kim chi được làm từ bắp cải lên men với ớt đỏ, củ cải và rất nhiều tỏi, gừng. Dù yêu hay ghét món này, người ta cũng không thể quên được mùi vị đặc biệt của nó ngay lần đầu nếm thử. 
Kim chi dưa chuột dễ làm hơn so với cải thảo, hương vị thơm ngon, giòn ngọt, xen lẫn vị chua.",
Tự làm Kim chi Hàn Quốc,https://vnexpress.net/doi-song-cooking-4311283.html,"Kim chi được làm từ bắp cải lên men với ớt đỏ, củ cải và rất nhiều tỏi, gừng. Dù yêu hay ghét món này, người ta cũng không thể quên được mùi vị đặc biệt của nó ngay lần đầu nếm thử.
Kim chi dưa leo (dưa chuột) vị chua ngọt hài hòa, dậy mùi thơm đặc trưng của kim chi, ăn cùng cơm nóng hoặc thịt nướng rất ''hao cơm''. 
Kim chi dưa chuột dễ làm hơn so với cải thảo, hương vị thơm ngon, giòn ngọt, xen lẫn vị chua.",
Công thức làm kim chi dưa chuột chuẩn như của người Hàn,https://vnexpress.net/doi-song-cooking-4298433.html,"Kim chi dưa chuột dễ làm hơn so với cải thảo, hương vị thơm ngon, giòn ngọt, xen lẫn vị chua.
Kim chi dưa leo (dưa chuột) vị chua ngọt hài hòa, dậy mùi thơm đặc trưng của kim chi, ăn cùng cơm nóng hoặc thịt nướng rất ''hao cơm''. 
Kim chi được làm từ bắp cải lên men với ớt đỏ, củ cải và rất nhiều tỏi, gừng. Dù yêu hay ghét món này, người ta cũng không thể quên được mùi vị đặc biệt của nó ngay lần đầu nếm thử.",
Lẩu bò ớt xiêm xanh,https://vnexpress.net/doi-song-cooking-4377241.html,"Nước lẩu được nấu từ tỏi ớt và nạm, xương bò mang đến vị chua cay hấp dẫn được nhiều người yêu thích, nhất là khi trời se lạnh.
Lẩu bò mắm ruốc là món ăn nổi tiếng đất Bình Dương với mùi vị thơm ngon, phù hợp để thưởng thức cùng bạn bè, người thân trong những ngày mưa gió.",
Cách làm lẩu cá chép chua thanh cho ngày du xuân,https://vnexpress.net/doi-song-cooking-4566543.html,"Trong tiết trời mưa xuân rả rích, một nồi lẩu cá chép chua thanh là món ăn được nhiều người yêu thích.",https://vcdn1-giadinh.vnecdn.net/2023/02/03/Buoc-1-1-8285-1675416497.jpg?w=680&h=0&q=100&dpr=1&fit=crop&s=Tawdcf6vWl_UFUPr-iyaDw
Cách làm lẩu cháo chim giải ngán sau Tết,https://vnexpress.net/doi-song-cooking-4565082.html,"Cháo nóng hổi, hơi sánh nhuyễn, dậy mùi thơm. Nhúng thịt chim câu có vị ngọt thanh, trứng non bùi bùi, kết hợp rau cải cúc, ngải cứu, tía tô đẩy đưa vị giác. Món này giàu dinh dưỡng, giải ngán sau Tết rất tốt.",https://vcdn1-giadinh.vnecdn.net/2023/01/31/Buoc-1-1-4861-1675138683.jpg?w=680&h=0&q=100&dpr=1&fit=crop&s=LVVlH39H7euBiWQ5wgvf3A
Cách nấu lẩu gà lá é - món ngon nổi tiếng Đà Lạt,https://vnexpress.net/doi-song-cooking-4545655.html,"Thịt gà mềm ngọt, lá é nhúng nước lẩu nóng làm dậy vị the the, bùi bùi, ăn cùng măng củ giòn, nấm tươi ngọt làm thực khách ''xiêu lòng'' khi tới xứ sở ngàn hoa.
Lẩu nóng hổi, dậy mùi thơm và ngọt tự nhiên từ gà, nấm, màu sắc bắt mắt. Món này giàu chất bổ dưỡng giúp tăng cường sức khỏe. 
Món lẩu gà nấu nấm không những giúp bạn thay đổi khẩu vị mà còn rất mát và bổ dưỡng.",https://vcdn1-giadinh.vnecdn.net/2022/12/08/Buoc-1-1-8422-1670471747.jpg?w=680&h=0&q=100&dpr=1&fit=crop&s=ZXlqRKHWLQimwak0us1R-Q
Cách làm lẩu gà nấm đổi vị cuối tuần,https://vnexpress.net/doi-song-cooking-4569372.html,"Lẩu nóng hổi, dậy mùi thơm và ngọt tự nhiên từ gà, nấm, màu sắc bắt mắt. Món này giàu chất bổ dưỡng giúp tăng cường sức khỏe.
Thịt gà mềm ngọt, lá é nhúng nước lẩu nóng làm dậy vị the the, bùi bùi, ăn cùng măng củ giòn, nấm tươi ngọt làm thực khách ''xiêu lòng'' khi tới xứ sở ngàn hoa. 
Món lẩu gà nấu nấm không những giúp bạn thay đổi khẩu vị mà còn rất mát và bổ dưỡng.",https://vcdn1-giadinh.vnecdn.net/2023/02/11/Buoc-1-1-2176-1676087399.jpg?w=680&h=0&q=100&dpr=1&fit=crop&s=VwFA3MD5Q5wl-lvPV4NNNQ
Lẩu gà nấu nấm,https://vnexpress.net/doi-song-cooking-4311524.html,"Món lẩu gà nấu nấm không những giúp bạn thay đổi khẩu vị mà còn rất mát và bổ dưỡng.
Thịt gà mềm ngọt, lá é nhúng nước lẩu nóng làm dậy vị the the, bùi bùi, ăn cùng măng củ giòn, nấm tươi ngọt làm thực khách ''xiêu lòng'' khi tới xứ sở ngàn hoa. 
Lẩu nóng hổi, dậy mùi thơm và ngọt tự nhiên từ gà, nấm, màu sắc bắt mắt. Món này giàu chất bổ dưỡng giúp tăng cường sức khỏe.",
Cách làm lẩu Thái chua cay ấm áp ngày đông,https://vnexpress.net/doi-song-cooking-4549462.html,"Nước dùng màu đỏ cam, vị chua từ dứa, vị ngọt từ nước dừa, nước hầm xương, vị cay tê đầu lưỡi từ ớt, dậy mùi thơm của sả, lá chanh. Món lẩu này làm ấm người trong tiết trời lạnh giá.
Một nồi lẩu Thái nóng hổi với màu cam đỏ bắt mắt, thơm mùi riềng sả, vị ngọt tự nhiên quyện vị tê cay từ ớt, sa tế giúp ấm lòng người, thích hợp tề tựu bạn bè, người thân dịp Tết Dương lịch.",https://vcdn1-giadinh.vnecdn.net/2022/12/17/Buoc-1-1-7859-1671269524.jpg?w=680&h=0&q=100&dpr=1&fit=crop&s=6HRJyR3AVLBwdEk6NLqkqw
Cách làm nước lẩu Thái chua cay,https://vnexpress.net/doi-song-cooking-4694976.html,"Một nồi lẩu Thái nóng hổi với màu cam đỏ bắt mắt, thơm mùi riềng sả, vị ngọt tự nhiên quyện vị tê cay từ ớt, sa tế giúp ấm lòng người, thích hợp tề tựu bạn bè, người thân dịp Tết Dương lịch.
Nước dùng màu đỏ cam, vị chua từ dứa, vị ngọt từ nước dừa, nước hầm xương, vị cay tê đầu lưỡi từ ớt, dậy mùi thơm của sả, lá chanh. Món lẩu này làm ấm người trong tiết trời lạnh giá.",https://vcdn1-giadinh.vnecdn.net/2023/12/29/Buoc-1-1-7921-1703835584.jpg?w=680&h=0&q=100&dpr=1&fit=crop&s=xmr8eC4uUPwM75Hbc2TcKw
"Cách làm pate béo mềm, không tanh",https://vnexpress.net/doi-song-cooking-4642894.html,"Pate mềm nhừ, béo ngậy, khi ăn như tan trong miệng. Món này dùng phết bánh mì hay ăn cùng xôi, cơm trắng đều ngon và tiện dụng, nhất là trong tiết trời mùa thu mát lành.
Pate mềm mịn, thơm ngon, không khô, không tanh mùi gan heo. Món này ăn cùng xôi nóng, bánh mì rất ngon. 
Thay vì làm từ thịt, gan heo, loại pate này được làm hoàn toàn từ ức gà, đậu gà, nấm và các loại hạt giàu dinh dưỡng khác.",https://vcdn1-giadinh.vnecdn.net/2023/08/17/Buoc-1-1-1553-1692259102.jpg?w=680&h=0&q=100&dpr=1&fit=crop&s=wlHBqUu1r5_CEz8opu-a1g
Cách làm pate truyền thống thơm ngon,https://vnexpress.net/doi-song-cooking-4385509.html,"Pate mềm mịn, thơm ngon, không khô, không tanh mùi gan heo. Món này ăn cùng xôi nóng, bánh mì rất ngon.",https://vcdn1-giadinh.vnecdn.net/2021/11/16/Pate-jpeg-7307-1637069640.jpg?w=680&h=0&q=100&dpr=1&fit=crop&s=7DePA3B3sq5fuVAm9AXS_w
Cách làm Pate nấm ức gà,https://vnexpress.net/doi-song-cooking-4640258.html,"Thay vì làm từ thịt, gan heo, loại pate này được làm hoàn toàn từ ức gà, đậu gà, nấm và các loại hạt giàu dinh dưỡng khác.
Pate mềm nhừ, béo ngậy, khi ăn như tan trong miệng. Món này dùng phết bánh mì hay ăn cùng xôi, cơm trắng đều ngon và tiện dụng, nhất là trong tiết trời mùa thu mát lành. 
Pate mềm mịn, thơm ngon, không khô, không tanh mùi gan heo. Món này ăn cùng xôi nóng, bánh mì rất ngon.",https://vcdn1-giadinh.vnecdn.net/2023/08/10/anh-2-5707-1691657878.jpg?w=680&h=0&q=100&dpr=1&fit=crop&s=r5aglp0JGC09kbQAtUfhcg
Cách làm phở bò sốt vang Hà Nội,https://vnexpress.net/doi-song-cooking-4641011.html,"Bát phở hội tụ sắc, hương và vị với thịt bò đỏ nâu, mềm ngọt, có chút sần sật. Nước dùng nâu đỏ, hơi sánh, dậy mùi thơm của quế, hồi, thảo quả. Món này ăn hợp tiết trời mát dịu chớm thu.
Một bát phở ngon là sự tổng hòa của nhiều yếu tố kết hợp, đặc biệt là phần nước dùng - linh hồn của bát phở. 
Phở gà truyền thống Hà Nội không sử dụng quế, hồi mà chỉ có hành, gừng nướng cùng rễ mùi, rễ hành tạo phong vị nhẹ thanh riêng.",https://vcdn1-giadinh.vnecdn.net/2023/08/12/Buoc-1-1-2821-1691832741.jpg?w=680&h=0&q=100&dpr=1&fit=crop&s=4Dkso3lRhRe_JLVVSaLT4A
"Hướng dẫn nấu phở bò tại nhà ĐẬM ĐÀ, CHUẨN VỊ ngoài hàng",https://vnexpress.net/doi-song-cooking-4298429.html,"Một bát phở ngon là sự tổng hòa của nhiều yếu tố kết hợp, đặc biệt là phần nước dùng - linh hồn của bát phở.",
Phở cuốn hương vị phương Nam,https://vnexpress.net/doi-song-cooking-4311111.html,"Món ăn sáng tạo từ Hà Nội (với thịt bò, rau sống...) được 'biến tấu' theo phương vị Nam bộ rất hấp dẫn.
Phở cuốn đều tay, thịt bò mềm mọng nước, rau thơm tươi mát, bánh phở mềm dai chấm đẫm nước mắm chua ngọt tạo dư vị khó quên. Món ăn này dễ chiều lòng người trong tiết trời oi bức chuyển mùa. 
Phở cuốn là một món ăn được ưa chuộng bởi dễ thực hiện, dễ ăn, sẽ càng hấp dẫn, tốt cho sức khỏe hơn nếu nguyên liệu chính là cá hồi sống. 
Phở cuốn là món ăn được nhiều người yêu thích vì sự đơn giản, tiết kiệm thời gian chế biến lại dễ ăn. 
Phở gà truyền thống Hà Nội không sử dụng quế, hồi mà chỉ có hành, gừng nướng cùng rễ mùi, rễ hành tạo phong vị nhẹ thanh riêng.",
Phở cuốn cá hồi ướp muối chanh - Ngon miệng mà DỄ LÀM,https://vnexpress.net/doi-song-cooking-4298461.html,"Phở cuốn là một món ăn được ưa chuộng bởi dễ thực hiện, dễ ăn, sẽ càng hấp dẫn, tốt cho sức khỏe hơn nếu nguyên liệu chính là cá hồi sống.",
Hướng dẫn làm món Phở cuốn tại nhà - VnExpress Cooking,https://vnexpress.net/doi-song-cooking-4298425.html,"Phở cuốn là món ăn được nhiều người yêu thích vì sự đơn giản, tiết kiệm thời gian chế biến lại dễ ăn.",
Cách làm phở gà Hà Nội truyền thống,https://vnexpress.net/doi-song-cooking-4643362.html,"Thịt gà da giòn, mọng nước, nước dùng ngọt điểm xuyết hành chẻ, thoảng hương thơm đặc trưng. Phở gà Hà thành luôn cuốn hút, nhất là vào tiết trời mùa thu.
Phở trộn hài hòa vị chua ngọt mặn, thịt gà ngọt mềm, thơm mùi hành phi, lạc rang bùi tạo nên món ngon giàu dinh dưỡng cho bữa sáng. 
Với nguyên liệu đơn giản, phở gà nhà làm có nước dùng ngọt thanh, thịt gà thơm, mọng nước hấp dẫn như nhà hàng. 
Một tô phở gà nóng hổi, nước dùng ngọt thanh, thịt gà vàng nhẹ, điểm xuyết lá chanh thái nhỏ... nhanh chóng xua tan giá rét. 
Phở gà truyền thống Hà Nội không sử dụng quế, hồi mà chỉ có hành, gừng nướng cùng rễ mùi, rễ hành tạo phong vị nhẹ thanh riêng.",https://vcdn1-giadinh.vnecdn.net/2023/08/18/Buoc-1-1-6660-1692350463.jpg?w=680&h=0&q=100&dpr=1&fit=crop&s=r6XedAAid0xm634rkGkrYA
Làm phở gà trộn thơm ngon,https://vnexpress.net/doi-song-cooking-4354889.html,"Phở trộn hài hòa vị chua ngọt mặn, thịt gà ngọt mềm, thơm mùi hành phi, lạc rang bùi tạo nên món ngon giàu dinh dưỡng cho bữa sáng.
Thịt gà da giòn, mọng nước, nước dùng ngọt điểm xuyết hành chẻ, thoảng hương thơm đặc trưng. Phở gà Hà thành luôn cuốn hút, nhất là vào tiết trời mùa thu. 
Với nguyên liệu đơn giản, phở gà nhà làm có nước dùng ngọt thanh, thịt gà thơm, mọng nước hấp dẫn như nhà hàng. 
Một tô phở gà nóng hổi, nước dùng ngọt thanh, thịt gà vàng nhẹ, điểm xuyết lá chanh thái nhỏ... nhanh chóng xua tan giá rét. 
Phở gà truyền thống Hà Nội không sử dụng quế, hồi mà chỉ có hành, gừng nướng cùng rễ mùi, rễ hành tạo phong vị nhẹ thanh riêng.",
Cách làm phở gà đơn giản mà thơm ngon ngay tại nhà,https://vnexpress.net/doi-song-cooking-4354886.html,"Với nguyên liệu đơn giản, phở gà nhà làm có nước dùng ngọt thanh, thịt gà thơm, mọng nước hấp dẫn như nhà hàng.
Thịt gà da giòn, mọng nước, nước dùng ngọt điểm xuyết hành chẻ, thoảng hương thơm đặc trưng. Phở gà Hà thành luôn cuốn hút, nhất là vào tiết trời mùa thu. 
Phở trộn hài hòa vị chua ngọt mặn, thịt gà ngọt mềm, thơm mùi hành phi, lạc rang bùi tạo nên món ngon giàu dinh dưỡng cho bữa sáng. 
Một tô phở gà nóng hổi, nước dùng ngọt thanh, thịt gà vàng nhẹ, điểm xuyết lá chanh thái nhỏ... nhanh chóng xua tan giá rét. 
Phở gà truyền thống Hà Nội không sử dụng quế, hồi mà chỉ có hành, gừng nướng cùng rễ mùi, rễ hành tạo phong vị nhẹ thanh riêng.",
Hướng dẫn nấu Phở gà Hà Nội đơn giản ngay tại nhà,https://vnexpress.net/doi-song-cooking-4298409.html,"Một tô phở gà nóng hổi, nước dùng ngọt thanh, thịt gà vàng nhẹ, điểm xuyết lá chanh thái nhỏ... nhanh chóng xua tan giá rét.
Thịt gà da giòn, mọng nước, nước dùng ngọt điểm xuyết hành chẻ, thoảng hương thơm đặc trưng. Phở gà Hà thành luôn cuốn hút, nhất là vào tiết trời mùa thu. 
Phở trộn hài hòa vị chua ngọt mặn, thịt gà ngọt mềm, thơm mùi hành phi, lạc rang bùi tạo nên món ngon giàu dinh dưỡng cho bữa sáng. 
Với nguyên liệu đơn giản, phở gà nhà làm có nước dùng ngọt thanh, thịt gà thơm, mọng nước hấp dẫn như nhà hàng. 
Phở gà truyền thống Hà Nội không sử dụng quế, hồi mà chỉ có hành, gừng nướng cùng rễ mùi, rễ hành tạo phong vị nhẹ thanh riêng.",
Cách làm thịt kho măng đơn giản mà siêu ngon tại nhà,https://vnexpress.net/doi-song-cooking-4298541.html,"Thịt mềm, đậm đà, măng ngon giòn thấm vị mặn ngọt hài hòa, màu sắc hấp dẫn rất đưa cơm ngày hè.",
Cách làm thịt kho măng khô- món ngon Tết miền Trung,https://vnexpress.net/doi-song-cooking-4560595.html,"Thịt giữ nguyên miếng, ngả màu cánh gián đẹp mắt, măng dai giòn, thấm trọn vị ngọt ngon từ thịt. Đây là món ăn truyền thống trong dịp lễ Tết của nhiều gia đình miền Trung.",https://vcdn1-giadinh.vnecdn.net/2023/01/16/Buoc-1-1-9465-1673841896.jpg?w=680&h=0&q=100&dpr=1&fit=crop&s=qXzHTeVMwSDRbUsn3NurEw
Thịt ba chỉ kho măng cho chiều mát,https://vnexpress.net/doi-song-cooking-3775797.html,"Từng miếng thịt ba chỉ màu cánh gián béo ngậy, với măng tươi giòn tan cho bạn một món ăn lạ mà ngon.",https://vcdn1-giadinh.vnecdn.net/2021/08/09/o-7679-1531215240-6456-1628475459.jpg?w=680&h=0&q=100&dpr=1&fit=crop&s=lo1JqS3Zj121ijGYeqiglw
"Bí quyết làm thịt kho tàu kiểu miền Tây mềm rục, nước trong",https://vnexpress.net/doi-song-cooking-4641845.html,"Không dùng nước hàng nhưng thịt kho tàu kiểu miền Tây vẫn lên màu hổ phách, mềm rục mà giữ nguyên miếng, nước kho trong sóng sánh.
Từng miếng thịt mềm, màu nâu đỏ đẹp mắt, bì trong, nước sóng sánh, điểm xuyết hột vịt luộc ngấm hết tinh túy ngọt thơm từ nước kho rất hấp dẫn. 
Nếu như thịt kho tàu miền Nam nhiều nước, vị lạt, thịt mềm rục thì thịt kho tàu miền Bắc là nước sóng sánh màu hổ phách, vị đậm đà. Đây là món ăn quen thuộc trong mâm cơm ngày Tết. 
Thịt kho tàu là món ăn khoái khẩu của nhiều người, đặc biệt trong những ngày trời mưa hoặc hơi se lạnh. 
Thịt đậm vị mặn ngọt, cùi dừa giòn, màu hổ phách đẹp mắt. Món này ăn cùng rau muống luộc dầm sấu rất đưa cơm trong ngày hè.",https://vcdn1-giadinh.vnecdn.net/2023/08/15/Buoc-1-1-4423-1692067173.jpg?w=680&h=0&q=100&dpr=1&fit=crop&s=ibpe0gvLKMa-I4imdly9mg
Thịt kho tàu - món ăn đặc trưng Tết Nam Bộ,https://vnexpress.net/doi-song-cooking-4421496.html,"Từng miếng thịt mềm, màu nâu đỏ đẹp mắt, bì trong, nước sóng sánh, điểm xuyết hột vịt luộc ngấm hết tinh túy ngọt thơm từ nước kho rất hấp dẫn.",https://vcdn1-giadinh.vnecdn.net/2022/01/27/Buoc-1-5913-1643219330.jpg?w=680&h=0&q=100&dpr=1&fit=crop&s=76PZvsoc_QgEIQix3_VH4A
Thịt kho tàu kiểu Bắc – món ngon Tết đến,https://vnexpress.net/doi-song-cooking-4419682.html,"Nếu như thịt kho tàu miền Nam nhiều nước, vị lạt, thịt mềm rục thì thịt kho tàu miền Bắc là nước sóng sánh màu hổ phách, vị đậm đà. Đây là món ăn quen thuộc trong mâm cơm ngày Tết.
Không dùng nước hàng nhưng thịt kho tàu kiểu miền Tây vẫn lên màu hổ phách, mềm rục mà giữ nguyên miếng, nước kho trong sóng sánh. 
Từng miếng thịt mềm, màu nâu đỏ đẹp mắt, bì trong, nước sóng sánh, điểm xuyết hột vịt luộc ngấm hết tinh túy ngọt thơm từ nước kho rất hấp dẫn. 
Thịt kho tàu là món ăn khoái khẩu của nhiều người, đặc biệt trong những ngày trời mưa hoặc hơi se lạnh. 
Thịt đậm vị mặn ngọt, cùi dừa giòn, màu hổ phách đẹp mắt. Món này ăn cùng rau muống luộc dầm sấu rất đưa cơm trong ngày hè.",https://vcdn1-giadinh.vnecdn.net/2022/01/22/Buoc-1-7947-1642851512.jpg?w=680&h=0&q=100&dpr=1&fit=crop&s=bekduG8lz4UA2bC31PPFFQ
Công thức nấu thịt kho tàu đơn giản,https://vnexpress.net/doi-song-cooking-4469858.html,"Thịt kho tàu là món ăn khoái khẩu của nhiều người, đặc biệt trong những ngày trời mưa hoặc hơi se lạnh.",
"Cách nấu thịt kho cùi dừa sần sật, bùi thơm hao cơm",https://vnexpress.net/doi-song-cooking-4450052.html,"Thịt đậm vị mặn ngọt, cùi dừa giòn, màu hổ phách đẹp mắt. Món này ăn cùng rau muống luộc dầm sấu rất đưa cơm trong ngày hè.
Không dùng nước hàng nhưng thịt kho tàu kiểu miền Tây vẫn lên màu hổ phách, mềm rục mà giữ nguyên miếng, nước kho trong sóng sánh. 
Từng miếng thịt mềm, màu nâu đỏ đẹp mắt, bì trong, nước sóng sánh, điểm xuyết hột vịt luộc ngấm hết tinh túy ngọt thơm từ nước kho rất hấp dẫn. 
Nếu như thịt kho tàu miền Nam nhiều nước, vị lạt, thịt mềm rục thì thịt kho tàu miền Bắc là nước sóng sánh màu hổ phách, vị đậm đà. Đây là món ăn quen thuộc trong mâm cơm ngày Tết. 
Thịt kho tàu là món ăn khoái khẩu của nhiều người, đặc biệt trong những ngày trời mưa hoặc hơi se lạnh.",https://vcdn1-giadinh.vnecdn.net/2022/04/11/Buoc-1-1-6654-1649665654.jpg?w=680&h=0&q=100&dpr=1&fit=crop&s=Plu9FI33U9sKlOZYU9BycA
Cách làm thịt kho trứng chả kiểu Bắc,https://vnexpress.net/doi-song-cooking-4674516.html,"Món thịt kho trứng chả đậm đà với trứng dai bùi, chả mỡ thấm trọn vị ngọt ngon, nước kho sóng sánh ăn kèm xôi hoặc cơm trắng thì không còn gì bằng trong tiết trời se lạnh.
Thịt kho giữ nguyên miếng, phần mỡ trong, đậm vị. Trứng dai bùi ngấm trọn vị ngọt ngon từ thịt. Nước kho sóng sánh màu hổ phách. Món này ăn cùng cơm trắng, chấm rau luộc thì 'thủng nồi trôi rế'. 
Chỉ là thịt kho trứng quen thuộc, nhưng bổ sung thêm vài gia vị ớt, tỏi, hành, món ăn sẽ có hương vị thơm ngon lạ. 
Thịt kho trứng phổ biến trong thực đơn Tết của người dân Nam bộ. Món này thường có nước dừa với vị béo ngậy, nhưng hạn chế là không để được lâu. 
Lớp thịt mềm mượt thấm đẫm trong làn nước màu hổ phách kết hợp với cùi dừa sần sật, miếng trứng đậm vị khiến bữa cơm thêm đậm đà.",https://vcdn1-giadinh.vnecdn.net/2023/11/08/Buoc-1-1-5484-1699430196.jpg?w=680&h=0&q=100&dpr=1&fit=crop&s=sGdNbLu86v_t1ctsfrBVrg
Cách làm thịt kho trứng kiểu Bắc 'hao cơm' ngày mưa,https://vnexpress.net/doi-song-cooking-4569689.html,"Thịt kho giữ nguyên miếng, phần mỡ trong, đậm vị. Trứng dai bùi ngấm trọn vị ngọt ngon từ thịt. Nước kho sóng sánh màu hổ phách. Món này ăn cùng cơm trắng, chấm rau luộc thì 'thủng nồi trôi rế'.
Món thịt kho trứng chả đậm đà với trứng dai bùi, chả mỡ thấm trọn vị ngọt ngon, nước kho sóng sánh ăn kèm xôi hoặc cơm trắng thì không còn gì bằng trong tiết trời se lạnh. 
Chỉ là thịt kho trứng quen thuộc, nhưng bổ sung thêm vài gia vị ớt, tỏi, hành, món ăn sẽ có hương vị thơm ngon lạ. 
Thịt kho trứng phổ biến trong thực đơn Tết của người dân Nam bộ. Món này thường có nước dừa với vị béo ngậy, nhưng hạn chế là không để được lâu. 
Lớp thịt mềm mượt thấm đẫm trong làn nước màu hổ phách kết hợp với cùi dừa sần sật, miếng trứng đậm vị khiến bữa cơm thêm đậm đà.",https://vcdn1-giadinh.vnecdn.net/2023/02/12/Buoc-1-1-9751-1676186400.jpg?w=680&h=0&q=100&dpr=1&fit=crop&s=qYu4F2OfySo-Ihm-C37dNQ
Thịt kho trứng thơm cay,https://vnexpress.net/doi-song-cooking-3696926.html,"Chỉ là thịt kho trứng quen thuộc, nhưng bổ sung thêm vài gia vị ớt, tỏi, hành, món ăn sẽ có hương vị thơm ngon lạ.",https://vcdn1-giadinh.vnecdn.net/2021/08/09/thit-kho-trung-3887-1515576615-9520-1628476397.jpg?w=680&h=0&q=100&dpr=1&fit=crop&s=39vXIcqPQUJ2hozvBFYJPQ
Công thức nấu thịt kho trứng KHÔNG CẦN nước dừa,https://vnexpress.net/doi-song-cooking-4298408.html,"Thịt kho trứng phổ biến trong thực đơn Tết của người dân Nam bộ. Món này thường có nước dừa với vị béo ngậy, nhưng hạn chế là không để được lâu.
Món thịt kho trứng chả đậm đà với trứng dai bùi, chả mỡ thấm trọn vị ngọt ngon, nước kho sóng sánh ăn kèm xôi hoặc cơm trắng thì không còn gì bằng trong tiết trời se lạnh. 
Thịt kho giữ nguyên miếng, phần mỡ trong, đậm vị. Trứng dai bùi ngấm trọn vị ngọt ngon từ thịt. Nước kho sóng sánh màu hổ phách. Món này ăn cùng cơm trắng, chấm rau luộc thì 'thủng nồi trôi rế'. 
Chỉ là thịt kho trứng quen thuộc, nhưng bổ sung thêm vài gia vị ớt, tỏi, hành, món ăn sẽ có hương vị thơm ngon lạ. 
Lớp thịt mềm mượt thấm đẫm trong làn nước màu hổ phách kết hợp với cùi dừa sần sật, miếng trứng đậm vị khiến bữa cơm thêm đậm đà.",https://vcdn1-giadinh.vnecdn.net/2021/07/07/nh-2-3183-1611893868-9829-1625644601.jpg?w=680&h=0&q=100&dpr=1&fit=crop&s=JgpcrDPTP8kK-xOt_d4xnQ
"Công thức món thịt kho trứng, cùi dừa THƠM NGON, ĐẬM ĐÀ",https://vnexpress.net/doi-song-cooking-4298486.html,"Lớp thịt mềm mượt thấm đẫm trong làn nước màu hổ phách kết hợp với cùi dừa sần sật, miếng trứng đậm vị khiến bữa cơm thêm đậm đà.",
"Bí quyết rán trứng mềm xốp, vàng ươm",https://vnexpress.net/doi-song-cooking-4651981.html,"Trứng rán là món ăn bình dân, tưởng đơn giản nhưng nếu không biết cách dễ bị khô, có mùi tanh, kém vị.
Trứng tráng óng mướt, vàng ươm, mịn màng như lụa góp phần làm nên sự thành công của món bún thang Hà Nội, mọc hấp Thái Bình, chả phượng Huế. 
Theo Đông y, lá mơ tam thể giúp giải nhiệt, nhuận tràng, kháng viêm. Món trứng rán lá mơ từ xưa là bài thuốc quý chữa kiết lỵ, đau dạ dày rất tốt. 
Ngải cứu hơi đắng, trứng béo ngậy, thoảng chút ngai ngái khi nướng trên lá chuối, bao nhiêu dư vị đất trời như lan tỏa trong mùa đông. 
Món ăn đơn giản, chế biến rất nhanh nhưng lại rất ""vào cơm"". Mời bạn tham khảo hướng dẫn của Ezcooking để chế biến cho bữa cơm gia đình. 
Chỉ 5 phút thôi bạn đã có món trứng rán thơm phức, cách làm khác này tạo cho cả nhà cảm giác mới khi ăn, lạ và ngon miệng hơn.",https://vcdn1-giadinh.vnecdn.net/2023/09/11/Buoc-1-1-2834-1694421565.jpg?w=680&h=0&q=100&dpr=1&fit=crop&s=hnCBA_cF4qrPL3Y5XaYFog
Cách làm trứng rán lá mơ bổ dưỡng,https://vnexpress.net/doi-song-cooking-4526836.html,"Theo Đông y, lá mơ tam thể giúp giải nhiệt, nhuận tràng, kháng viêm. Món trứng rán lá mơ từ xưa là bài thuốc quý chữa kiết lỵ, đau dạ dày rất tốt.
Trứng rán là món ăn bình dân, tưởng đơn giản nhưng nếu không biết cách dễ bị khô, có mùi tanh, kém vị. 
Trứng tráng óng mướt, vàng ươm, mịn màng như lụa góp phần làm nên sự thành công của món bún thang Hà Nội, mọc hấp Thái Bình, chả phượng Huế. 
Ngải cứu hơi đắng, trứng béo ngậy, thoảng chút ngai ngái khi nướng trên lá chuối, bao nhiêu dư vị đất trời như lan tỏa trong mùa đông. 
Món ăn đơn giản, chế biến rất nhanh nhưng lại rất ""vào cơm"". Mời bạn tham khảo hướng dẫn của Ezcooking để chế biến cho bữa cơm gia đình. 
Chỉ 5 phút thôi bạn đã có món trứng rán thơm phức, cách làm khác này tạo cho cả nhà cảm giác mới khi ăn, lạ và ngon miệng hơn.",https://vcdn1-giadinh.vnecdn.net/2022/10/23/-9090-1666491938.jpg?w=680&h=0&q=100&dpr=1&fit=crop&s=UZPgrqtRCWqV_svyqkp8uA
"Cách làm trứng rán ngải cứu thơm ngon, bổ dưỡng cho cả nhà",https://vnexpress.net/doi-song-cooking-4381904.html,"Ngải cứu hơi đắng, trứng béo ngậy, thoảng chút ngai ngái khi nướng trên lá chuối, bao nhiêu dư vị đất trời như lan tỏa trong mùa đông.
Trứng rán là món ăn bình dân, tưởng đơn giản nhưng nếu không biết cách dễ bị khô, có mùi tanh, kém vị. 
Trứng tráng óng mướt, vàng ươm, mịn màng như lụa góp phần làm nên sự thành công của món bún thang Hà Nội, mọc hấp Thái Bình, chả phượng Huế. 
Theo Đông y, lá mơ tam thể giúp giải nhiệt, nhuận tràng, kháng viêm. Món trứng rán lá mơ từ xưa là bài thuốc quý chữa kiết lỵ, đau dạ dày rất tốt. 
Món ăn đơn giản, chế biến rất nhanh nhưng lại rất ""vào cơm"". Mời bạn tham khảo hướng dẫn của Ezcooking để chế biến cho bữa cơm gia đình. 
Chỉ 5 phút thôi bạn đã có món trứng rán thơm phức, cách làm khác này tạo cho cả nhà cảm giác mới khi ăn, lạ và ngon miệng hơn.",
Trứng đúc nấm rán,https://vnexpress.net/doi-song-cooking-4311262.html,"Món ăn đơn giản, chế biến rất nhanh nhưng lại rất ""vào cơm"". Mời bạn tham khảo hướng dẫn của Ezcooking để chế biến cho bữa cơm gia đình.",
Làm trứng cuộn kiểu Hàn Quốc,https://vnexpress.net/doi-song-cooking-4311050.html,"Chỉ 5 phút thôi bạn đã có món trứng rán thơm phức, cách làm khác này tạo cho cả nhà cảm giác mới khi ăn, lạ và ngon miệng hơn.
Trứng rán là món ăn bình dân, tưởng đơn giản nhưng nếu không biết cách dễ bị khô, có mùi tanh, kém vị. 
Trứng tráng óng mướt, vàng ươm, mịn màng như lụa góp phần làm nên sự thành công của món bún thang Hà Nội, mọc hấp Thái Bình, chả phượng Huế. 
Theo Đông y, lá mơ tam thể giúp giải nhiệt, nhuận tràng, kháng viêm. Món trứng rán lá mơ từ xưa là bài thuốc quý chữa kiết lỵ, đau dạ dày rất tốt. 
Ngải cứu hơi đắng, trứng béo ngậy, thoảng chút ngai ngái khi nướng trên lá chuối, bao nhiêu dư vị đất trời như lan tỏa trong mùa đông. 
Món ăn đơn giản, chế biến rất nhanh nhưng lại rất ""vào cơm"". Mời bạn tham khảo hướng dẫn của Ezcooking để chế biến cho bữa cơm gia đình.",
Cách làm trứng gà nướng,https://vnexpress.net/doi-song-cooking-4662699.html,"Không cần hấp trước, không canh lửa, không bột rau câu, cách làm sau đây giúp món trứng nướng không bị trào nứt, lại dẻo mịn, vàng ươm chấm muối tiêu chanh rất bắt vị.
Có rất nhiều tiêu chí khi chọn trứng không phải ai cũng biết, ví như nên chọn quả trứng to hay nhỏ? 
Trứng nướng vàng ươm, núng nính như những chiếc xúc xích mini bắt mắt. Khi ăn bên ngoài giòn sần sật mà bên trong bùi ngậy, mềm mịn chấm cùng muối tiêu chanh lạ miệng.",https://vcdn1-giadinh.vnecdn.net/2023/10/09/Buoc-1-1-7518-1696840412.jpg?w=680&h=0&q=100&dpr=1&fit=crop&s=sDGovzp7fjfepyqKe1gyXg
Nên chọn mua trứng gà quả to hay nhỏ?,https://vnexpress.net/doi-song-cooking-4739877.html,"Có rất nhiều tiêu chí khi chọn trứng không phải ai cũng biết, ví như nên chọn quả trứng to hay nhỏ?",https://vcdn1-giadinh.vnecdn.net/2024/04/28/how-much-does-the-size-of-eggs-8256-9980-1714267834.png?w=680&h=0&q=100&dpr=1&fit=crop&s=P-Kh4n-EqqDk-S1266ZKUg
Cách làm trứng gà nướng Thái Lan,https://vnexpress.net/doi-song-cooking-4672962.html,"Trứng nướng vàng ươm, núng nính như những chiếc xúc xích mini bắt mắt. Khi ăn bên ngoài giòn sần sật mà bên trong bùi ngậy, mềm mịn chấm cùng muối tiêu chanh lạ miệng.
Không cần hấp trước, không canh lửa, không bột rau câu, cách làm sau đây giúp món trứng nướng không bị trào nứt, lại dẻo mịn, vàng ươm chấm muối tiêu chanh rất bắt vị. 
Có rất nhiều tiêu chí khi chọn trứng không phải ai cũng biết, ví như nên chọn quả trứng to hay nhỏ?",https://vcdn1-giadinh.vnecdn.net/2023/11/04/Buoc-1-1-6020-1699072343.jpg?w=680&h=0&q=100&dpr=1&fit=crop&s=GSyWpL-YgOEb5WNA__XxIg
Cách làm xíu mại ăn bánh mì ngon,https://vnexpress.net/doi-song-cooking-4517845.html,"Xíu mại mềm, vị ngọt tự nhiên từ thịt quyện lẫn củ quả, nước sốt sánh màu au đỏ hấp dẫn, ăn cùng bánh mì giòn là bữa ăn sáng đủ chất, được nhiều người yêu thích.",https://vcdn1-giadinh.vnecdn.net/2022/09/30/-3007-1664555234.jpg?w=680&h=0&q=100&dpr=1&fit=crop&s=1dh2e7ROYCxuZObNyXWJeg
Cách làm xíu mại hợp khẩu vị người Việt,https://vnexpress.net/doi-song-cooking-4485771.html,"Xíu mại là món ăn của người Hoa nhưng người Việt đã biến xíu mại thành món thịt viên nấu trong sốt cà chua, ăn cùng bánh mì hoặc trong bữa cơm gia đình rất hợp.",
Cách làm xíu mại chay cho mùa Vu Lan,https://vnexpress.net/doi-song-cooking-4645563.html,"Xíu mại có vị béo bùi từ đậu phụ, giòn ngọt từ củ đậu, sần sật từ mộc nhĩ quyện trong nước sốt sánh nhẹ, màu đỏ bắt mắt. Món này ăn cùng bánh mì, cơm trắng rất hợp trong mùa Vu Lan.",https://vcdn1-giadinh.vnecdn.net/2023/08/24/Buoc-1-1-4562-1692862610.jpg?w=680&h=0&q=100&dpr=1&fit=crop&s=BDtOBtLHgb4XU31bn-zKig
"Cách làm Xíu mại ngon miệng, đơn giản - Chỉ tốn 30 phút",https://vnexpress.net/doi-song-cooking-4298426.html,"Những viên xíu mại mềm ngọt, thấm đẫm nước sốt cà chua, hài hòa vị chua cay mặn ngọt làm cho bữa ăn trở nên hoàn hảo.
Xíu mại mềm, vị ngọt tự nhiên từ thịt quyện lẫn củ quả, nước sốt sánh màu au đỏ hấp dẫn, ăn cùng bánh mì giòn là bữa ăn sáng đủ chất, được nhiều người yêu thích. 
Xíu mại là món ăn của người Hoa nhưng người Việt đã biến xíu mại thành món thịt viên nấu trong sốt cà chua, ăn cùng bánh mì hoặc trong bữa cơm gia đình rất hợp. 
Xíu mại có vị béo bùi từ đậu phụ, giòn ngọt từ củ đậu, sần sật từ mộc nhĩ quyện trong nước sốt sánh nhẹ, màu đỏ bắt mắt. Món này ăn cùng bánh mì, cơm trắng rất hợp trong mùa Vu Lan.",https://vcdn1-giadinh.vnecdn.net/2021/07/07/nh-4-7575-1614306208-2384-1625643950.jpg?w=680&h=0&q=100&dpr=1&fit=crop&s=hYFmuYVCbzJjHLLFYsMdlQ
